<anim ver="netanim-3.108" filetype="animation" >
<node id="0" sysId="0" locX="0" locY="10" />
<node id="1" sysId="0" locX="94" locY="10" />
<node id="2" sysId="0" locX="76" locY="83" />
<node id="3" sysId="0" locX="37" locY="36" />
<node id="4" sysId="0" locX="4" locY="91" />
<node id="5" sysId="0" locX="0" locY="0" />
<node id="6" sysId="0" locX="5" locY="0" />
<node id="7" sysId="0" locX="10" locY="0" />
<nu p="c" t="0" id="0" r="255" g="0" b="0" />
<nu p="c" t="0" id="1" r="255" g="0" b="0" />
<nu p="c" t="0" id="2" r="255" g="0" b="0" />
<nu p="c" t="0" id="3" r="255" g="0" b="0" />
<nu p="c" t="0" id="4" r="255" g="0" b="0" />
<nu p="c" t="0" id="5" r="255" g="0" b="0" />
<nu p="c" t="0" id="6" r="255" g="0" b="0" />
<nu p="c" t="0" id="7" r="255" g="0" b="0" />
<link fromId="0" toId="1" fd="10.1.1.1~00:00:00:00:00:01" td="10.1.1.2~00:00:00:00:00:02" ld="" />
<nonp2plinkproperties id="0" ipAddress="10.1.3.4~00:00:00:00:00:0a" channelType="ns3::YansWifiChannel" />
<nonp2plinkproperties id="0" ipAddress="127.0.0.1~00:00:00:00:00:00" channelType="Unknown channel" />
<nonp2plinkproperties id="1" ipAddress="10.1.2.1~00:00:00:00:00:03" channelType="ns3::CsmaChannel" />
<nonp2plinkproperties id="1" ipAddress="127.0.0.1~00:00:00:00:00:00" channelType="Unknown channel" />
<nonp2plinkproperties id="2" ipAddress="10.1.2.2~00:00:00:00:00:04" channelType="ns3::CsmaChannel" />
<nonp2plinkproperties id="2" ipAddress="127.0.0.1~00:00:00:00:00:00" channelType="Unknown channel" />
<nonp2plinkproperties id="3" ipAddress="10.1.2.3~00:00:00:00:00:05" channelType="ns3::CsmaChannel" />
<nonp2plinkproperties id="3" ipAddress="127.0.0.1~00:00:00:00:00:00" channelType="Unknown channel" />
<nonp2plinkproperties id="4" ipAddress="10.1.2.4~00:00:00:00:00:06" channelType="ns3::CsmaChannel" />
<nonp2plinkproperties id="4" ipAddress="127.0.0.1~00:00:00:00:00:00" channelType="Unknown channel" />
<nonp2plinkproperties id="5" ipAddress="10.1.3.1~00:00:00:00:00:07" channelType="ns3::YansWifiChannel" />
<nonp2plinkproperties id="5" ipAddress="127.0.0.1~00:00:00:00:00:00" channelType="Unknown channel" />
<nonp2plinkproperties id="6" ipAddress="10.1.3.2~00:00:00:00:00:08" channelType="ns3::YansWifiChannel" />
<nonp2plinkproperties id="6" ipAddress="127.0.0.1~00:00:00:00:00:00" channelType="Unknown channel" />
<nonp2plinkproperties id="7" ipAddress="10.1.3.3~00:00:00:00:00:09" channelType="ns3::YansWifiChannel" />
<nonp2plinkproperties id="7" ipAddress="127.0.0.1~00:00:00:00:00:00" channelType="Unknown channel" />
<ip n="0" >
<address >10.1.1.1</address>

<address >10.1.3.4</address>

<address >127.0.0.1</address>

</ip>
<ip n="0" >
<address >10.1.1.1</address>

<address >10.1.3.4</address>

<address >127.0.0.1</address>

</ip>
<ip n="0" >
<address >10.1.1.1</address>

<address >10.1.3.4</address>

<address >127.0.0.1</address>

</ip>
<ip n="1" >
<address >10.1.1.2</address>

<address >10.1.2.1</address>

<address >127.0.0.1</address>

</ip>
<ip n="1" >
<address >10.1.1.2</address>

<address >10.1.2.1</address>

<address >127.0.0.1</address>

</ip>
<ip n="1" >
<address >10.1.1.2</address>

<address >10.1.2.1</address>

<address >127.0.0.1</address>

</ip>
<ip n="2" >
<address >10.1.2.2</address>

<address >127.0.0.1</address>

</ip>
<ip n="2" >
<address >10.1.2.2</address>

<address >127.0.0.1</address>

</ip>
<ip n="3" >
<address >10.1.2.3</address>

<address >127.0.0.1</address>

</ip>
<ip n="3" >
<address >10.1.2.3</address>

<address >127.0.0.1</address>

</ip>
<ip n="4" >
<address >10.1.2.4</address>

<address >127.0.0.1</address>

</ip>
<ip n="4" >
<address >10.1.2.4</address>

<address >127.0.0.1</address>

</ip>
<ip n="5" >
<address >10.1.3.1</address>

<address >127.0.0.1</address>

</ip>
<ip n="5" >
<address >10.1.3.1</address>

<address >127.0.0.1</address>

</ip>
<ip n="6" >
<address >10.1.3.2</address>

<address >127.0.0.1</address>

</ip>
<ip n="6" >
<address >10.1.3.2</address>

<address >127.0.0.1</address>

</ip>
<ip n="7" >
<address >10.1.3.3</address>

<address >127.0.0.1</address>

</ip>
<ip n="7" >
<address >10.1.3.3</address>

<address >127.0.0.1</address>

</ip>
<ipv6 n="0" >
<address >::1</address>

</ipv6>
<ipv6 n="1" >
<address >::1</address>

</ipv6>
<ipv6 n="2" >
<address >::1</address>

</ipv6>
<ipv6 n="3" >
<address >::1</address>

</ipv6>
<ipv6 n="4" >
<address >::1</address>

</ipv6>
<ipv6 n="5" >
<address >::1</address>

</ipv6>
<ipv6 n="6" >
<address >::1</address>

</ipv6>
<ipv6 n="7" >
<address >::1</address>

</ipv6>
<nu p="s" t="0" id="0" w="1" h="1" />
<nu p="s" t="0" id="1" w="1" h="1" />
<nu p="s" t="0" id="2" w="1" h="1" />
<nu p="s" t="0" id="3" w="1" h="1" />
<nu p="s" t="0" id="4" w="1" h="1" />
<nu p="s" t="0" id="5" w="1" h="1" />
<nu p="s" t="0" id="6" w="1" h="1" />
<nu p="s" t="0" id="7" w="1" h="1" />
<ncs ncId="0" n="RemainingEnergy" t="DOUBLE" />
<nu p="p" t="0" id="5" x="0" y="0" />
<nu p="p" t="0" id="6" x="5" y="0" />
<nu p="p" t="0" id="7" x="10" y="0" />
<pr uId="1" fId="0" fbTx="0.067125" />
<wpr uId="1" tId="5" fbRx="0.067129034" lbRx="0" />
<wpr uId="1" tId="6" fbRx="0.067129038" lbRx="0" />
<wpr uId="1" tId="7" fbRx="0.067129047" lbRx="0" />
<pr uId="2" fId="5" fbTx="0.120002034" />
<pr uId="3" fId="6" fbTx="0.120002038" />
<pr uId="4" fId="7" fbTx="0.120002047" />
<pr uId="5" fId="6" fbTx="0.120308038" />
<wpr uId="5" tId="7" fbRx="0.120312053" lbRx="0" />
<wpr uId="5" tId="5" fbRx="0.120312057" lbRx="0" />
<wpr uId="5" tId="0" fbRx="0.120312076" lbRx="0" />
<pr uId="6" fId="0" fbTx="0.120524076" />
<wpr uId="6" tId="5" fbRx="0.120528111" lbRx="0" />
<wpr uId="6" tId="6" fbRx="0.120528114" lbRx="0" />
<wpr uId="6" tId="7" fbRx="0.120528123" lbRx="0" />
<pr uId="7" fId="6" fbTx="0.120584114" />
<wpr uId="7" tId="7" fbRx="0.120588129" lbRx="0" />
<wpr uId="7" tId="5" fbRx="0.120588133" lbRx="0" />
<wpr uId="7" tId="0" fbRx="0.120588152" lbRx="0" />
<pr uId="8" fId="0" fbTx="0.120670152" />
<wpr uId="8" tId="5" fbRx="0.120674187" lbRx="0" />
<wpr uId="8" tId="6" fbRx="0.12067419" lbRx="0" />
<wpr uId="8" tId="7" fbRx="0.120674199" lbRx="0" />
<pr uId="9" fId="6" fbTx="0.12095419" />
<wpr uId="9" tId="7" fbRx="0.120958205" lbRx="0" />
<wpr uId="9" tId="5" fbRx="0.120958209" lbRx="0" />
<wpr uId="9" tId="0" fbRx="0.120958228" lbRx="0" />
<pr uId="10" fId="0" fbTx="0.121014228" />
<wpr uId="10" tId="5" fbRx="0.121018263" lbRx="0" />
<wpr uId="10" tId="6" fbRx="0.121018266" lbRx="0" />
<wpr uId="10" tId="7" fbRx="0.121018275" lbRx="0" />
<pr uId="11" fId="5" fbTx="0.121100263" />
<wpr uId="11" tId="6" fbRx="0.121104282" lbRx="0" />
<wpr uId="11" tId="7" fbRx="0.121104296" lbRx="0" />
<wpr uId="11" tId="0" fbRx="0.121104298" lbRx="0" />
<pr uId="12" fId="0" fbTx="0.121316298" />
<wpr uId="12" tId="5" fbRx="0.121320333" lbRx="0" />
<wpr uId="12" tId="6" fbRx="0.121320336" lbRx="0" />
<wpr uId="12" tId="7" fbRx="0.121320345" lbRx="0" />
<pr uId="13" fId="5" fbTx="0.121376333" />
<wpr uId="13" tId="6" fbRx="0.121380352" lbRx="0" />
<wpr uId="13" tId="7" fbRx="0.121380366" lbRx="0" />
<wpr uId="13" tId="0" fbRx="0.121380368" lbRx="0" />
<pr uId="14" fId="0" fbTx="0.121462368" />
<wpr uId="14" tId="5" fbRx="0.121466403" lbRx="0" />
<wpr uId="14" tId="6" fbRx="0.121466406" lbRx="0" />
<wpr uId="14" tId="7" fbRx="0.121466415" lbRx="0" />
<pr uId="15" fId="5" fbTx="0.121746403" />
<wpr uId="15" tId="6" fbRx="0.121750422" lbRx="0" />
<wpr uId="15" tId="7" fbRx="0.121750436" lbRx="0" />
<wpr uId="15" tId="0" fbRx="0.121750438" lbRx="0" />
<pr uId="16" fId="0" fbTx="0.121806438" />
<wpr uId="16" tId="5" fbRx="0.121810473" lbRx="0" />
<wpr uId="16" tId="6" fbRx="0.121810476" lbRx="0" />
<wpr uId="16" tId="7" fbRx="0.121810485" lbRx="0" />
<pr uId="17" fId="7" fbTx="0.121892485" />
<wpr uId="17" tId="6" fbRx="0.1218965" lbRx="0" />
<wpr uId="17" tId="5" fbRx="0.121896518" lbRx="0" />
<wpr uId="17" tId="0" fbRx="0.121896532" lbRx="0" />
<pr uId="18" fId="0" fbTx="0.122108532" />
<wpr uId="18" tId="5" fbRx="0.122112567" lbRx="0" />
<wpr uId="18" tId="6" fbRx="0.12211257" lbRx="0" />
<wpr uId="18" tId="7" fbRx="0.122112579" lbRx="0" />
<pr uId="19" fId="7" fbTx="0.122168579" />
<wpr uId="19" tId="6" fbRx="0.122172594" lbRx="0" />
<wpr uId="19" tId="5" fbRx="0.122172612" lbRx="0" />
<wpr uId="19" tId="0" fbRx="0.122172626" lbRx="0" />
<pr uId="20" fId="0" fbTx="0.122254626" />
<wpr uId="20" tId="5" fbRx="0.122258661" lbRx="0" />
<wpr uId="20" tId="6" fbRx="0.122258664" lbRx="0" />
<wpr uId="20" tId="7" fbRx="0.122258673" lbRx="0" />
<pr uId="21" fId="7" fbTx="0.122538673" />
<wpr uId="21" tId="6" fbRx="0.122542688" lbRx="0" />
<wpr uId="21" tId="5" fbRx="0.122542706" lbRx="0" />
<wpr uId="21" tId="0" fbRx="0.12254272" lbRx="0" />
<pr uId="22" fId="0" fbTx="0.12259872" />
<wpr uId="22" tId="5" fbRx="0.122602755" lbRx="0" />
<wpr uId="22" tId="6" fbRx="0.122602758" lbRx="0" />
<wpr uId="22" tId="7" fbRx="0.122602767" lbRx="0" />
<pr uId="23" fId="0" fbTx="0.169525" />
<wpr uId="23" tId="5" fbRx="0.169529035" lbRx="0" />
<wpr uId="23" tId="6" fbRx="0.169529039" lbRx="0" />
<wpr uId="23" tId="7" fbRx="0.169529047" lbRx="0" />
<pr uId="24" fId="0" fbTx="0.271925" />
<wpr uId="24" tId="5" fbRx="0.271929036" lbRx="0" />
<wpr uId="24" tId="6" fbRx="0.271929039" lbRx="0" />
<wpr uId="24" tId="7" fbRx="0.271929046" lbRx="0" />
<nu p="p" t="0.304945155" id="5" x="-0.5035298692" y="-0.863977818" />
<nu p="p" t="0.310418769" id="6" x="5.95294423" y="-0.3031456682" />
<pr uId="25" fId="0" fbTx="0.374325" />
<wpr uId="25" tId="5" fbRx="0.374329036" lbRx="0" />
<wpr uId="25" tId="6" fbRx="0.374329039" lbRx="0" />
<wpr uId="25" tId="7" fbRx="0.374329046" lbRx="0" />
<nu p="p" t="0.42114139" id="7" x="9.065412265" y="-0.3557327181" />
<pr uId="26" fId="0" fbTx="0.476725" />
<wpr uId="26" tId="5" fbRx="0.476729035" lbRx="0" />
<wpr uId="26" tId="6" fbRx="0.476729039" lbRx="0" />
<wpr uId="26" tId="7" fbRx="0.476729046" lbRx="0" />
<pr uId="27" fId="0" fbTx="0.579125" />
<wpr uId="27" tId="5" fbRx="0.579129034" lbRx="0" />
<wpr uId="27" tId="6" fbRx="0.579129038" lbRx="0" />
<wpr uId="27" tId="7" fbRx="0.579129045" lbRx="0" />
<pr uId="28" fId="0" fbTx="0.681525" />
<wpr uId="28" tId="5" fbRx="0.681529033" lbRx="0" />
<wpr uId="28" tId="6" fbRx="0.681529037" lbRx="0" />
<wpr uId="28" tId="7" fbRx="0.681529044" lbRx="0" />
<nu p="p" t="0.718953588" id="5" x="-0.7196427149" y="0.1123905736" />
<pr uId="29" fId="0" fbTx="0.783925" />
<wpr uId="29" tId="5" fbRx="0.783929033" lbRx="0" />
<wpr uId="29" tId="6" fbRx="0.783929037" lbRx="0" />
<wpr uId="29" tId="7" fbRx="0.783929044" lbRx="0" />
<nu p="p" t="0.794835003" id="6" x="5.185794938" y="0.3383229309" />
<nu p="p" t="0.812169276" id="7" x="9.194292915" y="0.635927393" />
<pr uId="30" fId="0" fbTx="0.886325" />
<wpr uId="30" tId="5" fbRx="0.886329032" lbRx="0" />
<wpr uId="30" tId="6" fbRx="0.886329037" lbRx="0" />
<wpr uId="30" tId="7" fbRx="0.886329043" lbRx="0" />
<pr uId="31" fId="0" fbTx="0.988725" />
<wpr uId="31" tId="5" fbRx="0.988729031" lbRx="0" />
<wpr uId="31" tId="6" fbRx="0.988729038" lbRx="0" />
<wpr uId="31" tId="7" fbRx="0.988729042" lbRx="0" />
<nu p="p" t="1.081834072" id="7" x="8.953402176" y="1.606479634" />
<pr uId="32" fId="0" fbTx="1.091125" />
<wpr uId="32" tId="5" fbRx="1.09112903" lbRx="0" />
<wpr uId="32" tId="6" fbRx="1.091129039" lbRx="0" />
<wpr uId="32" tId="7" fbRx="1.091129041" lbRx="0" />
<nu p="p" t="1.109046975" id="5" x="-1.130768341" y="1.02396927" />
<nu p="p" t="1.185824278" id="6" x="5.021958475" y="-0.648164582" />
<pr uId="33" fId="0" fbTx="1.193525" />
<wpr uId="33" tId="5" fbRx="1.193529031" lbRx="0" />
<wpr uId="33" tId="6" fbRx="1.193529039" lbRx="0" />
<wpr uId="33" tId="7" fbRx="1.193529042" lbRx="0" />
<nu p="p" t="1.25" id="6" x="4.958388484" y="-0.4308735387" />
<pr uId="34" fId="0" fbTx="1.295925" />
<wpr uId="34" tId="5" fbRx="1.295929032" lbRx="0" />
<wpr uId="34" tId="6" fbRx="1.295929038" lbRx="0" />
<wpr uId="34" tId="7" fbRx="1.295929043" lbRx="0" />
<pr uId="35" fId="0" fbTx="1.398325" />
<wpr uId="35" tId="5" fbRx="1.398329033" lbRx="0" />
<wpr uId="35" tId="6" fbRx="1.398329037" lbRx="0" />
<wpr uId="35" tId="7" fbRx="1.398329043" lbRx="0" />
<nu p="p" t="1.430497603" id="5" x="-1.632134297" y="0.1587339383" />
<nu p="p" t="1.469287105" id="6" x="4.741171147" y="0.3116054288" />
<nu p="p" t="1.483448432" id="7" x="9.879611336" y="1.229469565" />
<pr uId="36" fId="0" fbTx="1.500725" />
<wpr uId="36" tId="5" fbRx="1.500729033" lbRx="0" />
<wpr uId="36" tId="6" fbRx="1.500729036" lbRx="0" />
<wpr uId="36" tId="7" fbRx="1.500729044" lbRx="0" />
<pr uId="37" fId="0" fbTx="1.603125" />
<wpr uId="37" tId="5" fbRx="1.603129034" lbRx="0" />
<wpr uId="37" tId="6" fbRx="1.603129035" lbRx="0" />
<wpr uId="37" tId="7" fbRx="1.603129045" lbRx="0" />
<pr uId="38" fId="0" fbTx="1.705525" />
<wpr uId="38" tId="5" fbRx="1.705529034" lbRx="0" />
<wpr uId="38" tId="6" fbRx="1.705529034" lbRx="0" />
<wpr uId="38" tId="7" fbRx="1.705529046" lbRx="0" />
<nu p="p" t="1.79496979" id="5" x="-2.632065693" y="0.1470205042" />
<pr uId="39" fId="0" fbTx="1.807925" />
<wpr uId="39" tId="6" fbRx="1.807929033" lbRx="0" />
<wpr uId="39" tId="5" fbRx="1.807929034" lbRx="0" />
<wpr uId="39" tId="7" fbRx="1.807929047" lbRx="0" />
<nu p="p" t="1.840899432" id="6" x="4.009242499" y="0.9929867118" />
<nu p="p" t="1.890441182" id="7" x="10.75566156" y="0.747249691" />
<pr uId="40" fId="0" fbTx="1.910325" />
<wpr uId="40" tId="5" fbRx="1.910329033" lbRx="0" />
<wpr uId="40" tId="6" fbRx="1.910329033" lbRx="0" />
<wpr uId="40" tId="7" fbRx="1.910329047" lbRx="0" />
<pr uId="41" fId="7" fbTx="2.005007047" />
<wpr uId="41" tId="6" fbRx="2.005011069" lbRx="0" />
<wpr uId="41" tId="5" fbRx="2.005011091" lbRx="0" />
<wpr uId="41" tId="0" fbRx="2.005011093" lbRx="0" />
<pr uId="42" fId="0" fbTx="2.005099093" />
<wpr uId="42" tId="5" fbRx="2.005103125" lbRx="0" />
<wpr uId="42" tId="6" fbRx="2.005103127" lbRx="0" />
<wpr uId="42" tId="7" fbRx="2.005103139" lbRx="0" />
<pr uId="43" fId="0" fbTx="2.005186093" />
<wpr uId="43" tId="5" fbRx="2.005190125" lbRx="0" />
<wpr uId="43" tId="6" fbRx="2.005190127" lbRx="0" />
<wpr uId="43" tId="7" fbRx="2.005190139" lbRx="0" />
<pr uId="44" fId="7" fbTx="2.005278139" />
<wpr uId="44" tId="6" fbRx="2.005282161" lbRx="0" />
<wpr uId="44" tId="5" fbRx="2.005282183" lbRx="0" />
<wpr uId="44" tId="0" fbRx="2.005282185" lbRx="0" />
<pr uId="45" fId="7" fbTx="2.005365139" />
<wpr uId="45" tId="6" fbRx="2.005369161" lbRx="0" />
<wpr uId="45" tId="5" fbRx="2.005369183" lbRx="0" />
<wpr uId="45" tId="0" fbRx="2.005369185" lbRx="0" />
<pr uId="46" fId="0" fbTx="2.005441185" />
<wpr uId="46" tId="5" fbRx="2.005445217" lbRx="0" />
<wpr uId="46" tId="6" fbRx="2.005445219" lbRx="0" />
<wpr uId="46" tId="7" fbRx="2.005445231" lbRx="0" />
<pr uId="47" fId="0" fbTx="2.005575185" />
<wpr uId="47" tId="5" fbRx="2.005579217" lbRx="0" />
<wpr uId="47" tId="6" fbRx="2.005579219" lbRx="0" />
<wpr uId="47" tId="7" fbRx="2.005579231" lbRx="0" />
<pr uId="48" fId="0" fbTx="2.005784185" />
<wpr uId="48" tId="5" fbRx="2.005788217" lbRx="0" />
<wpr uId="48" tId="6" fbRx="2.005788219" lbRx="0" />
<wpr uId="48" tId="7" fbRx="2.005788231" lbRx="0" />
<pr uId="49" fId="7" fbTx="2.005876231" />
<wpr uId="49" tId="6" fbRx="2.005880253" lbRx="0" />
<wpr uId="49" tId="5" fbRx="2.005880275" lbRx="0" />
<wpr uId="49" tId="0" fbRx="2.005880277" lbRx="0" />
<pr uId="50" fId="7" fbTx="2.005963231" />
<wpr uId="50" tId="6" fbRx="2.005967253" lbRx="0" />
<wpr uId="50" tId="5" fbRx="2.005967275" lbRx="0" />
<wpr uId="50" tId="0" fbRx="2.005967277" lbRx="0" />
<pr uId="51" fId="0" fbTx="2.006055277" />
<wpr uId="51" tId="5" fbRx="2.006059309" lbRx="0" />
<wpr uId="51" tId="6" fbRx="2.006059311" lbRx="0" />
<wpr uId="51" tId="7" fbRx="2.006059323" lbRx="0" />
<pr uId="52" fId="0" fbTx="2.006250277" />
<wpr uId="52" tId="5" fbRx="2.006254309" lbRx="0" />
<wpr uId="52" tId="6" fbRx="2.006254311" lbRx="0" />
<wpr uId="52" tId="7" fbRx="2.006254323" lbRx="0" />
<pr uId="53" fId="7" fbTx="2.006326323" />
<wpr uId="53" tId="6" fbRx="2.006330345" lbRx="0" />
<wpr uId="53" tId="5" fbRx="2.006330367" lbRx="0" />
<wpr uId="53" tId="0" fbRx="2.006330369" lbRx="0" />
<pr uId="54" fId="7" fbTx="2.006397323" />
<wpr uId="54" tId="6" fbRx="2.006401345" lbRx="0" />
<wpr uId="54" tId="5" fbRx="2.006401367" lbRx="0" />
<wpr uId="54" tId="0" fbRx="2.006401369" lbRx="0" />
<p fId="0" fbTx="2.006473369" lbTx="2.008159769" tId="1" fbRx="2.008473369" lbRx="2.010159769" />
<pr uId="55" fId="0" fbTx="2.006489369" />
<wpr uId="55" tId="5" fbRx="2.006493401" lbRx="0" />
<wpr uId="55" tId="6" fbRx="2.006493403" lbRx="0" />
<wpr uId="55" tId="7" fbRx="2.006493415" lbRx="0" />
<pr uId="56" fId="0" fbTx="2.012725" />
<wpr uId="56" tId="5" fbRx="2.012729032" lbRx="0" />
<wpr uId="56" tId="6" fbRx="2.012729034" lbRx="0" />
<wpr uId="56" tId="7" fbRx="2.012729046" lbRx="0" />
<p fId="1" fbTx="2.018159769" lbTx="2.018164889" tId="2" fbRx="2.018171449" lbRx="0" />
<p fId="1" fbTx="2.018159769" lbTx="2.018164889" tId="2" fbRx="2.018171449" lbRx="0" />
<p fId="1" fbTx="2.018159769" lbTx="2.018164889" tId="3" fbRx="2.018171449" lbRx="0" />
<p fId="1" fbTx="2.018159769" lbTx="2.018164889" tId="3" fbRx="2.018171449" lbRx="0" />
<p fId="1" fbTx="2.018159769" lbTx="2.018164889" tId="4" fbRx="2.018171449" lbRx="0" />
<p fId="1" fbTx="2.018159769" lbTx="2.018164889" tId="4" fbRx="2.018171449" lbRx="0" />
<p fId="4" fbTx="2.018172449" lbTx="2.018177569" tId="1" fbRx="2.018184129" lbRx="0" />
<p fId="4" fbTx="2.018172449" lbTx="2.018177569" tId="1" fbRx="2.018184129" lbRx="0" />
<p fId="4" fbTx="2.018172449" lbTx="2.018177569" tId="2" fbRx="2.018184129" lbRx="0" />
<p fId="4" fbTx="2.018172449" lbTx="2.018177569" tId="3" fbRx="2.018184129" lbRx="0" />
<p fId="1" fbTx="2.018185129" lbTx="2.018270729" tId="2" fbRx="2.018277289" lbRx="0" />
<p fId="1" fbTx="2.018185129" lbTx="2.018270729" tId="3" fbRx="2.018277289" lbRx="0" />
<p fId="1" fbTx="2.018185129" lbTx="2.018270729" tId="4" fbRx="2.018277289" lbRx="0" />
<p fId="1" fbTx="2.018185129" lbTx="2.018270729" tId="4" fbRx="2.018277289" lbRx="0" />
<p fId="4" fbTx="2.019277289" lbTx="2.019282409" tId="1" fbRx="2.019288969" lbRx="0" />
<p fId="4" fbTx="2.019277289" lbTx="2.019282409" tId="1" fbRx="2.019288969" lbRx="0" />
<p fId="4" fbTx="2.019277289" lbTx="2.019282409" tId="2" fbRx="2.019288969" lbRx="0" />
<p fId="4" fbTx="2.019277289" lbTx="2.019282409" tId="2" fbRx="2.019288969" lbRx="0" />
<p fId="4" fbTx="2.019277289" lbTx="2.019282409" tId="3" fbRx="2.019288969" lbRx="0" />
<p fId="4" fbTx="2.019277289" lbTx="2.019282409" tId="3" fbRx="2.019288969" lbRx="0" />
<p fId="1" fbTx="2.019289969" lbTx="2.019295089" tId="2" fbRx="2.019301649" lbRx="0" />
<p fId="1" fbTx="2.019289969" lbTx="2.019295089" tId="3" fbRx="2.019301649" lbRx="0" />
<p fId="1" fbTx="2.019289969" lbTx="2.019295089" tId="4" fbRx="2.019301649" lbRx="0" />
<p fId="1" fbTx="2.019289969" lbTx="2.019295089" tId="4" fbRx="2.019301649" lbRx="0" />
<p fId="4" fbTx="2.019302649" lbTx="2.019388249" tId="1" fbRx="2.019394809" lbRx="0" />
<p fId="4" fbTx="2.019302649" lbTx="2.019388249" tId="1" fbRx="2.019394809" lbRx="0" />
<p fId="1" fbTx="2.019394809" lbTx="2.021081209" tId="0" fbRx="2.021394809" lbRx="2.023081209" />
<p fId="4" fbTx="2.019302649" lbTx="2.019388249" tId="2" fbRx="2.019394809" lbRx="0" />
<p fId="4" fbTx="2.019302649" lbTx="2.019388249" tId="3" fbRx="2.019394809" lbRx="0" />
<pr uId="63" fId="0" fbTx="2.026083" />
<wpr uId="63" tId="5" fbRx="2.026087032" lbRx="0" />
<wpr uId="63" tId="6" fbRx="2.026087034" lbRx="0" />
<wpr uId="63" tId="7" fbRx="2.026087046" lbRx="0" />
<pr uId="64" fId="7" fbTx="2.026238046" />
<wpr uId="64" tId="6" fbRx="2.026242068" lbRx="0" />
<wpr uId="64" tId="5" fbRx="2.02624209" lbRx="0" />
<wpr uId="64" tId="0" fbRx="2.026242092" lbRx="0" />
<pr uId="65" fId="0" fbTx="2.026314092" />
<wpr uId="65" tId="5" fbRx="2.026318124" lbRx="0" />
<wpr uId="65" tId="6" fbRx="2.026318126" lbRx="0" />
<wpr uId="65" tId="7" fbRx="2.026318138" lbRx="0" />
<pr uId="66" fId="0" fbTx="2.026448092" />
<wpr uId="66" tId="5" fbRx="2.026452124" lbRx="0" />
<wpr uId="66" tId="6" fbRx="2.026452126" lbRx="0" />
<wpr uId="66" tId="7" fbRx="2.026452138" lbRx="0" />
<pr uId="67" fId="7" fbTx="2.026540138" />
<wpr uId="67" tId="6" fbRx="2.02654416" lbRx="0" />
<wpr uId="67" tId="5" fbRx="2.026544182" lbRx="0" />
<wpr uId="67" tId="0" fbRx="2.026544184" lbRx="0" />
<pr uId="68" fId="0" fbTx="2.115125" />
<wpr uId="68" tId="5" fbRx="2.115129031" lbRx="0" />
<wpr uId="68" tId="6" fbRx="2.115129035" lbRx="0" />
<wpr uId="68" tId="7" fbRx="2.115129046" lbRx="0" />
<nu p="p" t="2.198207069" id="5" x="-2.574785505" y="1.145378646" />
<nu p="p" t="2.205405793" id="6" x="3.695021122" y="0.04363697309" />
<pr uId="69" fId="0" fbTx="2.217525" />
<wpr uId="69" tId="5" fbRx="2.217529031" lbRx="0" />
<wpr uId="69" tId="6" fbRx="2.217529035" lbRx="0" />
<wpr uId="69" tId="7" fbRx="2.217529045" lbRx="0" />
<nu p="p" t="2.25" id="7" x="9.966503946" y="1.084681507" />
<nu p="p" t="2.309374838" id="7" x="9.836188395" y="1.140402459" />
<pr uId="70" fId="0" fbTx="2.319925" />
<wpr uId="70" tId="5" fbRx="2.31992903" lbRx="0" />
<wpr uId="70" tId="6" fbRx="2.319929035" lbRx="0" />
<wpr uId="70" tId="7" fbRx="2.319929044" lbRx="0" />
<pr uId="71" fId="0" fbTx="2.422325" />
<wpr uId="71" tId="5" fbRx="2.42232903" lbRx="0" />
<wpr uId="71" tId="6" fbRx="2.422329034" lbRx="0" />
<wpr uId="71" tId="7" fbRx="2.422329044" lbRx="0" />
<nu p="p" t="2.45880275" id="5" x="-1.581681954" y="1.262619139" />
<nu p="p" t="2.488448729" id="6" x="2.73770257" y="0.3326718979" />
<pr uId="72" fId="0" fbTx="2.524725" />
<wpr uId="72" tId="5" fbRx="2.524729029" lbRx="0" />
<wpr uId="72" tId="6" fbRx="2.524729034" lbRx="0" />
<wpr uId="72" tId="7" fbRx="2.524729044" lbRx="0" />
<pr uId="73" fId="0" fbTx="2.627125" />
<wpr uId="73" tId="5" fbRx="2.627129028" lbRx="0" />
<wpr uId="73" tId="6" fbRx="2.627129034" lbRx="0" />
<wpr uId="73" tId="7" fbRx="2.627129044" lbRx="0" />
<pr uId="74" fId="0" fbTx="2.729525" />
<wpr uId="74" tId="5" fbRx="2.729529028" lbRx="0" />
<wpr uId="74" tId="6" fbRx="2.729529034" lbRx="0" />
<wpr uId="74" tId="7" fbRx="2.729529044" lbRx="0" />
<nu p="p" t="2.751958902" id="7" x="10.51897845" y="1.871017088" />
<pr uId="75" fId="0" fbTx="2.831925" />
<wpr uId="75" tId="5" fbRx="2.831929027" lbRx="0" />
<wpr uId="75" tId="6" fbRx="2.831929034" lbRx="0" />
<wpr uId="75" tId="7" fbRx="2.831929045" lbRx="0" />
<nu p="p" t="2.912548273" id="5" x="-1.032988482" y="2.098642747" />
<pr uId="76" fId="0" fbTx="2.934325" />
<wpr uId="76" tId="5" fbRx="2.934329027" lbRx="0" />
<wpr uId="76" tId="6" fbRx="2.934329034" lbRx="0" />
<wpr uId="76" tId="7" fbRx="2.934329046" lbRx="0" />
<nu p="p" t="2.956813862" id="6" x="3.719439631" y="0.5229147506" />
<nu p="p" t="3" id="5" x="-1.015596557" y="1.92139787" />
<nu p="p" t="3" id="7" x="11.02565201" y="1.576605797" />
<pr uId="77" fId="0" fbTx="3.036725" />
<wpr uId="77" tId="5" fbRx="3.036729027" lbRx="0" />
<wpr uId="77" tId="6" fbRx="3.036729033" lbRx="0" />
<wpr uId="77" tId="7" fbRx="3.036729047" lbRx="0" />
<pr uId="78" fId="0" fbTx="3.139125" />
<wpr uId="78" tId="5" fbRx="3.139129028" lbRx="0" />
<wpr uId="78" tId="6" fbRx="3.139129032" lbRx="0" />
<wpr uId="78" tId="7" fbRx="3.139129047" lbRx="0" />
<nu p="p" t="3.175237166" id="7" x="11.38360897" y="1.368608813" />
<pr uId="79" fId="0" fbTx="3.241525" />
<wpr uId="79" tId="5" fbRx="3.241529029" lbRx="0" />
<wpr uId="79" tId="6" fbRx="3.241529032" lbRx="0" />
<wpr uId="79" tId="7" fbRx="3.241529048" lbRx="0" />
<nu p="p" t="3.283303109" id="6" x="3.952455351" y="1.495387719" />
<pr uId="80" fId="0" fbTx="3.343925" />
<wpr uId="80" tId="5" fbRx="3.343929029" lbRx="0" />
<wpr uId="80" tId="6" fbRx="3.343929032" lbRx="0" />
<wpr uId="80" tId="7" fbRx="3.343929049" lbRx="0" />
<nu p="p" t="3.403584969" id="5" x="-0.9353337669" y="1.103422391" />
<pr uId="81" fId="0" fbTx="3.446325" />
<wpr uId="81" tId="5" fbRx="3.44632903" lbRx="0" />
<wpr uId="81" tId="6" fbRx="3.446329033" lbRx="0" />
<wpr uId="81" tId="7" fbRx="3.44632905" lbRx="0" />
<nu p="p" t="3.5" id="6" x="4.507767046" y="0.9248521084" />
<nu p="p" t="3.517334228" id="7" x="12.35244617" y="1.120910464" />
<pr uId="82" fId="0" fbTx="3.548725" />
<wpr uId="82" tId="5" fbRx="3.54872903" lbRx="0" />
<wpr uId="82" tId="6" fbRx="3.548729034" lbRx="0" />
<wpr uId="82" tId="7" fbRx="3.548729051" lbRx="0" />
<nu p="p" t="3.555478267" id="6" x="4.64993674" y="0.7787848215" />
<pr uId="83" fId="0" fbTx="3.651125" />
<wpr uId="83" tId="5" fbRx="3.65112903" lbRx="0" />
<wpr uId="83" tId="6" fbRx="3.651129034" lbRx="0" />
<wpr uId="83" tId="7" fbRx="3.65112905" lbRx="0" />
<nu p="p" t="3.75" id="6" x="4.769875338" y="1.222720082" />
<pr uId="84" fId="0" fbTx="3.753525" />
<wpr uId="84" tId="5" fbRx="3.75352903" lbRx="0" />
<wpr uId="84" tId="6" fbRx="3.753529033" lbRx="0" />
<wpr uId="84" tId="7" fbRx="3.75352905" lbRx="0" />
<nu p="p" t="3.813150125" id="5" x="-1.932272624" y="1.025237254" />
<pr uId="85" fId="0" fbTx="3.855925" />
<wpr uId="85" tId="5" fbRx="3.855929031" lbRx="0" />
<wpr uId="85" tId="6" fbRx="3.855929033" lbRx="0" />
<wpr uId="85" tId="7" fbRx="3.85592905" lbRx="0" />
<nu p="p" t="3.949713138" id="7" x="12.53358324" y="2.104368323" />
<pr uId="86" fId="0" fbTx="3.958325" />
<wpr uId="86" tId="5" fbRx="3.958329032" lbRx="0" />
<wpr uId="86" tId="6" fbRx="3.958329032" lbRx="0" />
<wpr uId="86" tId="7" fbRx="3.95832905" lbRx="0" />
<nu p="p" t="3.978487777" id="6" x="4.910756788" y="1.744172258" />
<nu p="p" t="4" id="7" x="12.68499197" y="1.975023905" />
<pr uId="87" fId="0" fbTx="4.060725" />
<wpr uId="87" tId="5" fbRx="4.060729033" lbRx="0" />
<wpr uId="87" tId="6" fbRx="4.060729033" lbRx="0" />
<wpr uId="87" tId="7" fbRx="4.060729051" lbRx="0" />
<nu p="p" t="4.115276133" id="5" x="-2.778041403" y="0.491687659" />
<pr uId="88" fId="0" fbTx="4.163125" />
<wpr uId="88" tId="5" fbRx="4.163129033" lbRx="0" />
<wpr uId="88" tId="6" fbRx="4.163129033" lbRx="0" />
<wpr uId="88" tId="7" fbRx="4.163129052" lbRx="0" />
<nu p="p" t="4.202240147" id="7" x="13.29391693" y="1.454835665" />
<pr uId="89" fId="0" fbTx="4.265525" />
<wpr uId="89" tId="5" fbRx="4.265529032" lbRx="0" />
<wpr uId="89" tId="6" fbRx="4.265529034" lbRx="0" />
<wpr uId="89" tId="7" fbRx="4.265529053" lbRx="0" />
<nu p="p" t="4.32932611" id="6" x="5.902370817" y="1.614937519" />
<pr uId="90" fId="0" fbTx="4.367925" />
<wpr uId="90" tId="5" fbRx="4.367929031" lbRx="0" />
<wpr uId="90" tId="6" fbRx="4.367929035" lbRx="0" />
<wpr uId="90" tId="7" fbRx="4.367929055" lbRx="0" />
<nu p="p" t="4.398601882" id="5" x="-2.0306308" y="1.156050056" />
<pr uId="91" fId="0" fbTx="4.470325" />
<wpr uId="91" tId="5" fbRx="4.47032903" lbRx="0" />
<wpr uId="91" tId="6" fbRx="4.470329035" lbRx="0" />
<wpr uId="91" tId="7" fbRx="4.470329056" lbRx="0" />
<nu p="p" t="4.498427905" id="7" x="14.20002667" y="1.03179296" />
<pr uId="92" fId="0" fbTx="4.572725" />
<wpr uId="92" tId="5" fbRx="4.572729029" lbRx="0" />
<wpr uId="92" tId="6" fbRx="4.572729036" lbRx="0" />
<wpr uId="92" tId="7" fbRx="4.572729056" lbRx="0" />
<nu p="p" t="4.618698631" id="6" x="6.891306755" y="1.46659431" />
<nu p="p" t="4.652690344" id="5" x="-1.072490656" y="1.442349665" />
<pr uId="93" fId="0" fbTx="4.675125" />
<wpr uId="93" tId="5" fbRx="4.675129029" lbRx="0" />
<wpr uId="93" tId="6" fbRx="4.675129037" lbRx="0" />
<wpr uId="93" tId="7" fbRx="4.675129057" lbRx="0" />
<nu p="p" t="4.765590944" id="7" x="15.01644597" y="1.609252505" />
<pr uId="94" fId="0" fbTx="4.777525" />
<wpr uId="94" tId="5" fbRx="4.77752903" lbRx="0" />
<wpr uId="94" tId="6" fbRx="4.777529037" lbRx="0" />
<wpr uId="94" tId="7" fbRx="4.777529057" lbRx="0" />
<pr uId="95" fId="0" fbTx="4.879925" />
<wpr uId="95" tId="5" fbRx="4.879929031" lbRx="0" />
<wpr uId="95" tId="6" fbRx="4.879929038" lbRx="0" />
<wpr uId="95" tId="7" fbRx="4.879929056" lbRx="0" />
<nu p="p" t="4.922914346" id="6" x="7.863549073" y="1.700570536" />
<pr uId="96" fId="0" fbTx="4.982325" />
<wpr uId="96" tId="5" fbRx="4.982329032" lbRx="0" />
<wpr uId="96" tId="6" fbRx="4.982329038" lbRx="0" />
<wpr uId="96" tId="7" fbRx="4.982329055" lbRx="0" />
<nu p="p" t="4.993760577" id="5" x="-1.214141701" y="0.4524330098" />
<nu p="p" t="5.056815515" id="7" x="14.07085087" y="1.934598321" />
<pr uId="97" fId="0" fbTx="5.084725" />
<wpr uId="97" tId="5" fbRx="5.084729033" lbRx="0" />
<wpr uId="97" tId="6" fbRx="5.084729038" lbRx="0" />
<wpr uId="97" tId="7" fbRx="5.084729054" lbRx="0" />
<pr uId="98" fId="0" fbTx="5.187125" />
<wpr uId="98" tId="5" fbRx="5.187129034" lbRx="0" />
<wpr uId="98" tId="6" fbRx="5.187129038" lbRx="0" />
<wpr uId="98" tId="7" fbRx="5.187129055" lbRx="0" />
<nu p="p" t="5.18747424" id="6" x="7.14258919" y="1.007593737" />
<nu p="p" t="5.25" id="6" x="6.985620241" y="1.049441937" />
<nu p="p" t="5.274050153" id="5" x="-0.8151296359" y="-0.4645126652" />
<pr uId="99" fId="0" fbTx="5.289525" />
<wpr uId="99" tId="5" fbRx="5.289529035" lbRx="0" />
<wpr uId="99" tId="6" fbRx="5.289529038" lbRx="0" />
<wpr uId="99" tId="7" fbRx="5.289529056" lbRx="0" />
<pr uId="100" fId="0" fbTx="5.391925" />
<wpr uId="100" tId="5" fbRx="5.391929034" lbRx="0" />
<wpr uId="100" tId="6" fbRx="5.391929037" lbRx="0" />
<wpr uId="100" tId="7" fbRx="5.391929056" lbRx="0" />
<pr uId="101" fId="0" fbTx="5.494325" />
<wpr uId="101" tId="5" fbRx="5.494329033" lbRx="0" />
<wpr uId="101" tId="6" fbRx="5.494329036" lbRx="0" />
<wpr uId="101" tId="7" fbRx="5.494329057" lbRx="0" />
<nu p="p" t="5.502649248" id="7" x="15.06940561" y="1.880854228" />
<nu p="p" t="5.572362782" id="6" x="6.176338641" y="1.265197848" />
<pr uId="102" fId="0" fbTx="5.596725" />
<wpr uId="102" tId="5" fbRx="5.596729032" lbRx="0" />
<wpr uId="102" tId="6" fbRx="5.596729036" lbRx="0" />
<wpr uId="102" tId="7" fbRx="5.596729058" lbRx="0" />
<nu p="p" t="5.625100964" id="5" x="-0.9769190822" y="0.5223126351" />
<pr uId="103" fId="0" fbTx="5.699125" />
<wpr uId="103" tId="5" fbRx="5.699129031" lbRx="0" />
<wpr uId="103" tId="6" fbRx="5.699129035" lbRx="0" />
<wpr uId="103" tId="7" fbRx="5.699129059" lbRx="0" />
<nu p="p" t="5.794820065" id="7" x="16.04675428" y="1.669218745" />
<pr uId="104" fId="0" fbTx="5.801525" />
<wpr uId="104" tId="5" fbRx="5.801529031" lbRx="0" />
<wpr uId="104" tId="6" fbRx="5.801529034" lbRx="0" />
<wpr uId="104" tId="7" fbRx="5.80152906" lbRx="0" />
<nu p="p" t="5.857715675" id="6" x="6.451052962" y="2.226723741" />
<pr uId="105" fId="0" fbTx="5.903925" />
<wpr uId="105" tId="5" fbRx="5.90392903" lbRx="0" />
<wpr uId="105" tId="6" fbRx="5.903929034" lbRx="0" />
<wpr uId="105" tId="7" fbRx="5.903929061" lbRx="0" />
<nu p="p" t="6" id="6" x="5.97955445" y="2.056514816" />
<nu p="p" t="6.002963805" id="5" x="-1.567976984" y="1.328941768" />
<pr uId="106" fId="0" fbTx="6.006325" />
<wpr uId="106" tId="5" fbRx="6.006329029" lbRx="0" />
<wpr uId="106" tId="6" fbRx="6.006329033" lbRx="0" />
<wpr uId="106" tId="7" fbRx="6.006329062" lbRx="0" />
<pr uId="107" fId="0" fbTx="6.108725" />
<wpr uId="107" tId="5" fbRx="6.10872903" lbRx="0" />
<wpr uId="107" tId="6" fbRx="6.108729033" lbRx="0" />
<wpr uId="107" tId="7" fbRx="6.108729063" lbRx="0" />
<nu p="p" t="6.141557527" id="6" x="5.510464383" y="1.887175329" />
<nu p="p" t="6.150058045" id="7" x="16.90148814" y="1.150152248" />
<pr uId="108" fId="0" fbTx="6.211125" />
<wpr uId="108" tId="5" fbRx="6.211129031" lbRx="0" />
<wpr uId="108" tId="6" fbRx="6.211129033" lbRx="0" />
<wpr uId="108" tId="7" fbRx="6.211129064" lbRx="0" />
<pr uId="109" fId="0" fbTx="6.313525" />
<wpr uId="109" tId="5" fbRx="6.313529032" lbRx="0" />
<wpr uId="109" tId="6" fbRx="6.313529034" lbRx="0" />
<wpr uId="109" tId="7" fbRx="6.313529064" lbRx="0" />
<nu p="p" t="6.320752532" id="5" x="-2.310372373" y="0.6589797619" />
<pr uId="110" fId="0" fbTx="6.415925" />
<wpr uId="110" tId="5" fbRx="6.415929032" lbRx="0" />
<wpr uId="110" tId="6" fbRx="6.415929035" lbRx="0" />
<wpr uId="110" tId="7" fbRx="6.415929065" lbRx="0" />
<nu p="p" t="6.421830877" id="6" x="6.502095786" y="1.758073961" />
<nu p="p" t="6.48632965" id="7" x="16.80993225" y="0.1543523086" />
<pr uId="111" fId="0" fbTx="6.518325" />
<wpr uId="111" tId="5" fbRx="6.518329031" lbRx="0" />
<wpr uId="111" tId="6" fbRx="6.518329035" lbRx="0" />
<wpr uId="111" tId="7" fbRx="6.518329065" lbRx="0" />
<nu p="p" t="6.59150198" id="5" x="-1.330135515" y="0.8568072195" />
<pr uId="112" fId="0" fbTx="6.620725" />
<wpr uId="112" tId="5" fbRx="6.620729031" lbRx="0" />
<wpr uId="112" tId="6" fbRx="6.620729035" lbRx="0" />
<wpr uId="112" tId="7" fbRx="6.620729064" lbRx="0" />
<pr uId="113" fId="0" fbTx="6.723125" />
<wpr uId="113" tId="5" fbRx="6.723129029" lbRx="0" />
<wpr uId="113" tId="6" fbRx="6.723129035" lbRx="0" />
<wpr uId="113" tId="7" fbRx="6.723129063" lbRx="0" />
<nu p="p" t="6.75" id="5" x="-0.9656000784" y="1.318825113" />
<nu p="p" t="6.795049566" id="6" x="7.2263632" y="2.447593151" />
<pr uId="114" fId="0" fbTx="6.825525" />
<wpr uId="114" tId="5" fbRx="6.825529028" lbRx="0" />
<wpr uId="114" tId="6" fbRx="6.825529035" lbRx="0" />
<wpr uId="114" tId="7" fbRx="6.825529062" lbRx="0" />
<nu p="p" t="6.859579217" id="7" x="15.81165979" y="0.09559777883" />
<nu p="p" t="6.860821831" id="5" x="-0.7107168659" y="1.641868068" />
<pr uId="115" fId="0" fbTx="6.927925" />
<wpr uId="115" tId="5" fbRx="6.927929029" lbRx="0" />
<wpr uId="115" tId="6" fbRx="6.927929036" lbRx="0" />
<wpr uId="115" tId="7" fbRx="6.927929062" lbRx="0" />
<nu p="p" t="7" id="5" x="-1.119174426" y="1.342511772" />
<nu p="p" t="7" id="6" x="7.362322563" y="1.850155561" />
<nu p="p" t="7" id="7" x="15.43074238" y="-0.09464175372" />
<pr uId="116" fId="0" fbTx="7.030325" />
<wpr uId="116" tId="5" fbRx="7.030329029" lbRx="0" />
<wpr uId="116" tId="6" fbRx="7.030329037" lbRx="0" />
<wpr uId="116" tId="7" fbRx="7.030329061" lbRx="0" />
<nu p="p" t="7.129546463" id="6" x="7.448260681" y="1.47252315" />
<pr uId="117" fId="0" fbTx="7.132725" />
<wpr uId="117" tId="5" fbRx="7.13272903" lbRx="0" />
<wpr uId="117" tId="6" fbRx="7.132729038" lbRx="0" />
<wpr uId="117" tId="7" fbRx="7.132729061" lbRx="0" />
<nu p="p" t="7.135654444" id="5" x="-1.517290623" y="1.050734605" />
<nu p="p" t="7.189375291" id="7" x="14.91702679" y="-0.3512039667" />
<pr uId="118" fId="0" fbTx="7.235125" />
<wpr uId="118" tId="5" fbRx="7.235129031" lbRx="0" />
<wpr uId="118" tId="6" fbRx="7.235129038" lbRx="0" />
<wpr uId="118" tId="7" fbRx="7.235129061" lbRx="0" />
<pr uId="119" fId="0" fbTx="7.337525" />
<wpr uId="119" tId="5" fbRx="7.337529032" lbRx="0" />
<wpr uId="119" tId="6" fbRx="7.337529039" lbRx="0" />
<wpr uId="119" tId="7" fbRx="7.337529061" lbRx="0" />
<nu p="p" t="7.433549949" id="6" x="7.030297141" y="0.564059347" />
<pr uId="120" fId="0" fbTx="7.439925" />
<wpr uId="120" tId="5" fbRx="7.439929033" lbRx="0" />
<wpr uId="120" tId="6" fbRx="7.439929039" lbRx="0" />
<wpr uId="120" tId="7" fbRx="7.439929062" lbRx="0" />
<nu p="p" t="7.500795207" id="5" x="-1.886982078" y="0.1215800286" />
<nu p="p" t="7.50569529" id="7" x="14.92510322" y="-1.351171351" />
<pr uId="121" fId="0" fbTx="7.542325" />
<wpr uId="121" tId="5" fbRx="7.542329033" lbRx="0" />
<wpr uId="121" tId="6" fbRx="7.54232904" lbRx="0" />
<wpr uId="121" tId="7" fbRx="7.542329062" lbRx="0" />
<pr uId="122" fId="0" fbTx="7.644725" />
<wpr uId="122" tId="5" fbRx="7.644729032" lbRx="0" />
<wpr uId="122" tId="6" fbRx="7.644729041" lbRx="0" />
<wpr uId="122" tId="7" fbRx="7.644729061" lbRx="0" />
<nu p="p" t="7.704533109" id="6" x="7.050804588" y="-0.4357303543" />
<pr uId="123" fId="0" fbTx="7.747125" />
<wpr uId="123" tId="5" fbRx="7.747129031" lbRx="0" />
<wpr uId="123" tId="6" fbRx="7.747129042" lbRx="0" />
<wpr uId="123" tId="7" fbRx="7.74712906" lbRx="0" />
<nu p="p" t="7.829267083" id="7" x="14.04935308" y="-0.8684067144" />
<pr uId="124" fId="0" fbTx="7.849525" />
<wpr uId="124" tId="5" fbRx="7.84952903" lbRx="0" />
<wpr uId="124" tId="6" fbRx="7.849529041" lbRx="0" />
<wpr uId="124" tId="7" fbRx="7.849529059" lbRx="0" />
<nu p="p" t="7.856812408" id="5" x="-1.94173521" y="1.12007995" />
<pr uId="125" fId="0" fbTx="7.951925" />
<wpr uId="125" tId="5" fbRx="7.951929029" lbRx="0" />
<wpr uId="125" tId="6" fbRx="7.951929041" lbRx="0" />
<wpr uId="125" tId="7" fbRx="7.951929059" lbRx="0" />
<nu p="p" t="8.019375065" id="6" x="7.51037944" y="0.4524086861" />
<pr uId="126" fId="0" fbTx="8.054325" />
<wpr uId="126" tId="5" fbRx="8.054329028" lbRx="0" />
<wpr uId="126" tId="6" fbRx="8.05432904" lbRx="0" />
<wpr uId="126" tId="7" fbRx="8.05432906" lbRx="0" />
<pr uId="127" fId="0" fbTx="8.156725" />
<wpr uId="127" tId="5" fbRx="8.156729027" lbRx="0" />
<wpr uId="127" tId="6" fbRx="8.15672904" lbRx="0" />
<wpr uId="127" tId="7" fbRx="8.15672906" lbRx="0" />
<nu p="p" t="8.17243971" id="5" x="-2.147015162" y="2.098783246" />
<nu p="p" t="8.25" id="5" x="-2.148924405" y="1.828804734" />
<nu p="p" t="8.25" id="6" x="8.042530209" y="0.9549254572" />
<pr uId="128" fId="0" fbTx="8.259125" />
<wpr uId="128" tId="5" fbRx="8.259129028" lbRx="0" />
<wpr uId="128" tId="6" fbRx="8.25912904" lbRx="0" />
<wpr uId="128" tId="7" fbRx="8.25912906" lbRx="0" />
<nu p="p" t="8.276982777" id="7" x="13.60171376" y="-1.762620916" />
<nu p="p" t="8.334470694" id="6" x="8.237440377" y="1.138981619" />
<pr uId="129" fId="0" fbTx="8.361525" />
<wpr uId="129" tId="5" fbRx="8.361529029" lbRx="0" />
<wpr uId="129" tId="6" fbRx="8.36152904" lbRx="0" />
<wpr uId="129" tId="7" fbRx="8.361529061" lbRx="0" />
<nu p="p" t="8.459715723" id="5" x="-2.154086816" y="1.09880825" />
<pr uId="130" fId="0" fbTx="8.463925" />
<wpr uId="130" tId="5" fbRx="8.463929031" lbRx="0" />
<wpr uId="130" tId="6" fbRx="8.463929039" lbRx="0" />
<wpr uId="130" tId="7" fbRx="8.463929061" lbRx="0" />
<nu p="p" t="8.5" id="5" x="-2.099410016" y="0.975158994" />
<pr uId="131" fId="0" fbTx="8.566325" />
<wpr uId="131" tId="5" fbRx="8.566329032" lbRx="0" />
<wpr uId="131" tId="6" fbRx="8.566329039" lbRx="0" />
<wpr uId="131" tId="7" fbRx="8.566329062" lbRx="0" />
<nu p="p" t="8.631126515" id="6" x="7.237837728" y="1.167169268" />
<pr uId="132" fId="0" fbTx="8.668725" />
<wpr uId="132" tId="5" fbRx="8.668729032" lbRx="0" />
<wpr uId="132" tId="6" fbRx="8.668729038" lbRx="0" />
<wpr uId="132" tId="7" fbRx="8.668729063" lbRx="0" />
<nu p="p" t="8.673952026" id="7" x="14.00107608" y="-2.679414094" />
<nu p="p" t="8.757679196" id="5" x="-1.749668756" y="0.1842340141" />
<pr uId="133" fId="0" fbTx="8.771125" />
<wpr uId="133" tId="5" fbRx="8.771129033" lbRx="0" />
<wpr uId="133" tId="6" fbRx="8.771129037" lbRx="0" />
<wpr uId="133" tId="7" fbRx="8.771129064" lbRx="0" />
<pr uId="134" fId="0" fbTx="8.873525" />
<wpr uId="134" tId="5" fbRx="8.873529032" lbRx="0" />
<wpr uId="134" tId="6" fbRx="8.873529036" lbRx="0" />
<wpr uId="134" tId="7" fbRx="8.873529064" lbRx="0" />
<nu p="p" t="8.974683208" id="6" x="6.868101728" y="2.09630612" />
<pr uId="135" fId="0" fbTx="8.975925" />
<wpr uId="135" tId="5" fbRx="8.975929031" lbRx="0" />
<wpr uId="135" tId="6" fbRx="8.975929035" lbRx="0" />
<wpr uId="135" tId="7" fbRx="8.975929065" lbRx="0" />
<nu p="p" t="8.987168009" id="7" x="14.98316598" y="-2.491001123" />
<nu p="p" t="9" id="5" x="-1.88115451" y="1.077664389" />
<nu p="p" t="9.026014016" id="5" x="-1.895269982" y="1.173577375" />
<pr uId="136" fId="0" fbTx="9.078325" />
<wpr uId="136" tId="5" fbRx="9.07832903" lbRx="0" />
<wpr uId="136" tId="6" fbRx="9.078329034" lbRx="0" />
<wpr uId="136" tId="7" fbRx="9.078329065" lbRx="0" />
<pr uId="137" fId="0" fbTx="9.180725" />
<wpr uId="137" tId="5" fbRx="9.180729031" lbRx="0" />
<wpr uId="137" tId="6" fbRx="9.180729033" lbRx="0" />
<wpr uId="137" tId="7" fbRx="9.180729065" lbRx="0" />
<pr uId="138" fId="0" fbTx="9.283125" />
<wpr uId="138" tId="5" fbRx="9.283129031" lbRx="0" />
<wpr uId="138" tId="6" fbRx="9.283129032" lbRx="0" />
<wpr uId="138" tId="7" fbRx="9.283129064" lbRx="0" />
<nu p="p" t="9.355566235" id="6" x="6.453888065" y="3.006485795" />
<pr uId="139" fId="0" fbTx="9.385525" />
<wpr uId="139" tId="5" fbRx="9.385529032" lbRx="0" />
<wpr uId="139" tId="6" fbRx="9.385529032" lbRx="0" />
<wpr uId="139" tId="7" fbRx="9.385529064" lbRx="0" />
<nu p="p" t="9.392255643" id="7" x="14.11510058" y="-2.98745099" />
<nu p="p" t="9.446738614" id="5" x="-1.28540336" y="0.3810733054" />
<pr uId="140" fId="0" fbTx="9.487925" />
<wpr uId="140" tId="5" fbRx="9.487929032" lbRx="0" />
<wpr uId="140" tId="6" fbRx="9.487929033" lbRx="0" />
<wpr uId="140" tId="7" fbRx="9.487929064" lbRx="0" />
<pr uId="141" fId="0" fbTx="9.590325" />
<wpr uId="141" tId="5" fbRx="9.590329032" lbRx="0" />
<wpr uId="141" tId="6" fbRx="9.590329035" lbRx="0" />
<wpr uId="141" tId="7" fbRx="9.590329064" lbRx="0" />
<nu p="p" t="9.610053414" id="6" x="7.296849213" y="2.468511347" />
<pr uId="142" fId="0" fbTx="9.692725" />
<wpr uId="142" tId="5" fbRx="9.692729032" lbRx="0" />
<wpr uId="142" tId="6" fbRx="9.692729035" lbRx="0" />
<wpr uId="142" tId="7" fbRx="9.692729064" lbRx="0" />
<nu p="p" t="9.75" id="5" x="-2.017120124" y="0.495447704" />
<nu p="p" t="9.756835913" id="7" x="13.42775191" y="-3.713778611" />
<pr uId="143" fId="0" fbTx="9.795125" />
<wpr uId="143" tId="5" fbRx="9.795129032" lbRx="0" />
<wpr uId="143" tId="6" fbRx="9.795129036" lbRx="0" />
<wpr uId="143" tId="7" fbRx="9.795129064" lbRx="0" />
<nu p="p" t="9.856218329" id="5" x="-2.273406402" y="0.535507725" />
<pr uId="144" fId="0" fbTx="9.897525" />
<wpr uId="144" tId="5" fbRx="9.897529032" lbRx="0" />
<wpr uId="144" tId="6" fbRx="9.897529036" lbRx="0" />
<wpr uId="144" tId="7" fbRx="9.897529064" lbRx="0" />
<nu p="p" t="9.900753592" id="6" x="6.827781186" y="1.58534931" />
<pr uId="145" fId="0" fbTx="9.999925" />
<wpr uId="145" tId="5" fbRx="9.999929031" lbRx="0" />
<wpr uId="145" tId="6" fbRx="9.999929036" lbRx="0" />
<wpr uId="145" tId="7" fbRx="9.999929064" lbRx="0" />
</anim>
