<anim ver="netanim-3.108" filetype="animation" >
<node id="0" sysId="0" locX="24" locY="96" />
<node id="1" sysId="0" locX="76" locY="57" />
<node id="2" sysId="0" locX="39" locY="28" />
<node id="3" sysId="0" locX="38" locY="72" />
<node id="4" sysId="0" locX="88" locY="22" />
<node id="5" sysId="0" locX="27" locY="74" />
<nu p="c" t="0" id="0" r="255" g="0" b="0" />
<nu p="c" t="0" id="1" r="255" g="0" b="0" />
<nu p="c" t="0" id="2" r="255" g="0" b="0" />
<nu p="c" t="0" id="3" r="255" g="0" b="0" />
<nu p="c" t="0" id="4" r="255" g="0" b="0" />
<nu p="c" t="0" id="5" r="255" g="0" b="0" />
<nonp2plinkproperties id="0" ipAddress="10.1.1.1~00:00:00:00:00:01" channelType="ns3::CsmaChannel" />
<nonp2plinkproperties id="0" ipAddress="127.0.0.1~00:00:00:00:00:00" channelType="Unknown channel" />
<nonp2plinkproperties id="1" ipAddress="10.1.1.2~00:00:00:00:00:02" channelType="ns3::CsmaChannel" />
<nonp2plinkproperties id="1" ipAddress="127.0.0.1~00:00:00:00:00:00" channelType="Unknown channel" />
<nonp2plinkproperties id="2" ipAddress="10.1.1.3~00:00:00:00:00:03" channelType="ns3::CsmaChannel" />
<nonp2plinkproperties id="2" ipAddress="10.1.2.1~00:00:00:00:00:04" channelType="ns3::CsmaChannel" />
<nonp2plinkproperties id="2" ipAddress="127.0.0.1~00:00:00:00:00:00" channelType="Unknown channel" />
<nonp2plinkproperties id="3" ipAddress="10.1.2.2~00:00:00:00:00:05" channelType="ns3::CsmaChannel" />
<nonp2plinkproperties id="3" ipAddress="127.0.0.1~00:00:00:00:00:00" channelType="Unknown channel" />
<nonp2plinkproperties id="4" ipAddress="10.1.2.3~00:00:00:00:00:06" channelType="ns3::CsmaChannel" />
<nonp2plinkproperties id="4" ipAddress="127.0.0.1~00:00:00:00:00:00" channelType="Unknown channel" />
<nonp2plinkproperties id="5" ipAddress="10.1.2.4~00:00:00:00:00:07" channelType="ns3::CsmaChannel" />
<nonp2plinkproperties id="5" ipAddress="127.0.0.1~00:00:00:00:00:00" channelType="Unknown channel" />
<ip n="0" >
<address >10.1.1.1</address>

<address >127.0.0.1</address>

</ip>
<ip n="0" >
<address >10.1.1.1</address>

<address >127.0.0.1</address>

</ip>
<ip n="1" >
<address >10.1.1.2</address>

<address >127.0.0.1</address>

</ip>
<ip n="1" >
<address >10.1.1.2</address>

<address >127.0.0.1</address>

</ip>
<ip n="2" >
<address >10.1.1.3</address>

<address >10.1.2.1</address>

<address >127.0.0.1</address>

</ip>
<ip n="2" >
<address >10.1.1.3</address>

<address >10.1.2.1</address>

<address >127.0.0.1</address>

</ip>
<ip n="2" >
<address >10.1.1.3</address>

<address >10.1.2.1</address>

<address >127.0.0.1</address>

</ip>
<ip n="3" >
<address >10.1.2.2</address>

<address >127.0.0.1</address>

</ip>
<ip n="3" >
<address >10.1.2.2</address>

<address >127.0.0.1</address>

</ip>
<ip n="4" >
<address >10.1.2.3</address>

<address >127.0.0.1</address>

</ip>
<ip n="4" >
<address >10.1.2.3</address>

<address >127.0.0.1</address>

</ip>
<ip n="5" >
<address >10.1.2.4</address>

<address >127.0.0.1</address>

</ip>
<ip n="5" >
<address >10.1.2.4</address>

<address >127.0.0.1</address>

</ip>
<ipv6 n="0" >
<address >::1</address>

</ipv6>
<ipv6 n="1" >
<address >::1</address>

</ipv6>
<ipv6 n="2" >
<address >::1</address>

</ipv6>
<ipv6 n="3" >
<address >::1</address>

</ipv6>
<ipv6 n="4" >
<address >::1</address>

</ipv6>
<ipv6 n="5" >
<address >::1</address>

</ipv6>
<nu p="s" t="0" id="0" w="1" h="1" />
<nu p="s" t="0" id="1" w="1" h="1" />
<nu p="s" t="0" id="2" w="1" h="1" />
<nu p="s" t="0" id="3" w="1" h="1" />
<nu p="s" t="0" id="4" w="1" h="1" />
<nu p="s" t="0" id="5" w="1" h="1" />
<ncs ncId="0" n="RemainingEnergy" t="DOUBLE" />
<p fId="0" fbTx="5.015686275" lbTx="5.015964675" tId="1" fbRx="5.017964675" lbRx="0" />
<p fId="0" fbTx="5.015686275" lbTx="5.015964675" tId="1" fbRx="5.017964675" lbRx="0" />
<p fId="0" fbTx="5.015686275" lbTx="5.015964675" tId="2" fbRx="5.017964675" lbRx="0" />
<p fId="0" fbTx="5.015686275" lbTx="5.015964675" tId="2" fbRx="5.017964675" lbRx="0" />
<p fId="2" fbTx="5.017964675" lbTx="5.018243075" tId="3" fbRx="5.020243075" lbRx="0" />
<p fId="2" fbTx="5.017964675" lbTx="5.018243075" tId="3" fbRx="5.020243075" lbRx="0" />
<p fId="2" fbTx="5.017964675" lbTx="5.018243075" tId="4" fbRx="5.020243075" lbRx="0" />
<p fId="2" fbTx="5.017964675" lbTx="5.018243075" tId="4" fbRx="5.020243075" lbRx="0" />
<p fId="2" fbTx="5.017964675" lbTx="5.018243075" tId="5" fbRx="5.020243075" lbRx="0" />
<p fId="2" fbTx="5.017964675" lbTx="5.018243075" tId="5" fbRx="5.020243075" lbRx="0" />
<p fId="1" fbTx="5.018560275" lbTx="5.018838675" tId="0" fbRx="5.020838675" lbRx="0" />
<p fId="1" fbTx="5.018560275" lbTx="5.018838675" tId="0" fbRx="5.020838675" lbRx="0" />
<p fId="1" fbTx="5.018560275" lbTx="5.018838675" tId="2" fbRx="5.020838675" lbRx="0" />
<p fId="1" fbTx="5.018560275" lbTx="5.018838675" tId="2" fbRx="5.020838675" lbRx="0" />
<p fId="2" fbTx="5.020838675" lbTx="5.021117075" tId="3" fbRx="5.023117075" lbRx="0" />
<p fId="2" fbTx="5.020838675" lbTx="5.021117075" tId="3" fbRx="5.023117075" lbRx="0" />
<p fId="2" fbTx="5.020838675" lbTx="5.021117075" tId="4" fbRx="5.023117075" lbRx="0" />
<p fId="2" fbTx="5.020838675" lbTx="5.021117075" tId="4" fbRx="5.023117075" lbRx="0" />
<p fId="2" fbTx="5.020838675" lbTx="5.021117075" tId="5" fbRx="5.023117075" lbRx="0" />
<p fId="2" fbTx="5.020838675" lbTx="5.021117075" tId="5" fbRx="5.023117075" lbRx="0" />
<p fId="0" fbTx="9.03137255" lbTx="9.03165095" tId="1" fbRx="9.03365095" lbRx="0" />
<p fId="0" fbTx="9.03137255" lbTx="9.03165095" tId="1" fbRx="9.03365095" lbRx="0" />
<p fId="0" fbTx="9.03137255" lbTx="9.03165095" tId="2" fbRx="9.03365095" lbRx="0" />
<p fId="0" fbTx="9.03137255" lbTx="9.03165095" tId="2" fbRx="9.03365095" lbRx="0" />
<p fId="2" fbTx="9.03365095" lbTx="9.03392935" tId="3" fbRx="9.03592935" lbRx="0" />
<p fId="2" fbTx="9.03365095" lbTx="9.03392935" tId="3" fbRx="9.03592935" lbRx="0" />
<p fId="2" fbTx="9.03365095" lbTx="9.03392935" tId="4" fbRx="9.03592935" lbRx="0" />
<p fId="2" fbTx="9.03365095" lbTx="9.03392935" tId="4" fbRx="9.03592935" lbRx="0" />
<p fId="2" fbTx="9.03365095" lbTx="9.03392935" tId="5" fbRx="9.03592935" lbRx="0" />
<p fId="2" fbTx="9.03365095" lbTx="9.03392935" tId="5" fbRx="9.03592935" lbRx="0" />
<p fId="1" fbTx="9.03382055" lbTx="9.03409895" tId="0" fbRx="9.03609895" lbRx="0" />
<p fId="1" fbTx="9.03382055" lbTx="9.03409895" tId="0" fbRx="9.03609895" lbRx="0" />
<p fId="1" fbTx="9.03382055" lbTx="9.03409895" tId="2" fbRx="9.03609895" lbRx="0" />
<p fId="1" fbTx="9.03382055" lbTx="9.03409895" tId="2" fbRx="9.03609895" lbRx="0" />
<p fId="2" fbTx="9.03609895" lbTx="9.03637735" tId="3" fbRx="9.03837735" lbRx="0" />
<p fId="2" fbTx="9.03609895" lbTx="9.03637735" tId="3" fbRx="9.03837735" lbRx="0" />
<p fId="2" fbTx="9.03609895" lbTx="9.03637735" tId="4" fbRx="9.03837735" lbRx="0" />
<p fId="2" fbTx="9.03609895" lbTx="9.03637735" tId="4" fbRx="9.03837735" lbRx="0" />
<p fId="2" fbTx="9.03609895" lbTx="9.03637735" tId="5" fbRx="9.03837735" lbRx="0" />
<p fId="2" fbTx="9.03609895" lbTx="9.03637735" tId="5" fbRx="9.03837735" lbRx="0" />
</anim>
